{"R": [16.78517823015295, 81.69719881893599, 44.35218083183251, 12.31391428805318, 17.80283218359709, 67.41524748861553, 22.654940790429016, 87.54811657315341, 6.740212616525477, 8.13082930129286], "H": [12.172704835193635, 6.9889652324613065, 5.654318588887901, 6.135233493592828, 28.22602109526256]}